{"cameraMode":{"drawMode":0,"name":"Shaded","section":"Shading Mode"},"sceneLighting":false,"audioPlay":false,"sceneViewState":{"m_AlwaysRefresh":false,"showFog":true,"showSkybox":false,"showFlares":true,"showImageEffects":true,"showParticleSystems":true,"showVisualEffectGraphs":true,"m_FxEnabled":true},"in2DMode":false,"pivot":{"x":0.0659957230091095,"y":-8.075298309326172,"z":44.03890609741211},"rotation":{"x":-0.24673345685005189,"y":0.00494005111977458,"z":-0.0012571362312883139,"w":-0.9690786004066467},"size":38.882774353027347,"orthographic":false}