{"cameraMode":{"drawMode":0,"name":"Shaded","section":"Shading Mode"},"sceneLighting":false,"audioPlay":false,"sceneViewState":{"m_AlwaysRefresh":false,"showFog":true,"showSkybox":false,"showFlares":true,"showImageEffects":true,"showParticleSystems":true,"showVisualEffectGraphs":true,"m_FxEnabled":true},"in2DMode":false,"pivot":{"x":-1.9199999570846558,"y":0.9271036386489868,"z":0.5399999618530273},"rotation":{"x":-0.3469562530517578,"y":-0.0005611962988041341,"z":0.000175295295775868,"w":-0.9379230737686157},"size":2.508538007736206,"orthographic":false}