{"cameraMode":{"drawMode":0,"name":"Shaded","section":"Shading Mode"},"sceneLighting":false,"audioPlay":false,"sceneViewState":{"m_AlwaysRefresh":false,"showFog":true,"showSkybox":false,"showFlares":true,"showImageEffects":true,"showParticleSystems":true,"showVisualEffectGraphs":true,"m_FxEnabled":true},"in2DMode":false,"pivot":{"x":5.0467610359191898,"y":-35.633663177490237,"z":86.02317810058594},"rotation":{"x":-0.49757134914398196,"y":-0.005986212287098169,"z":0.0034367528278380634,"w":-0.8673974871635437},"size":36.628570556640628,"orthographic":false}