{"cameraMode":{"drawMode":0,"name":"Shaded","section":"Shading Mode"},"sceneLighting":false,"audioPlay":false,"sceneViewState":{"m_AlwaysRefresh":false,"showFog":true,"showSkybox":false,"showFlares":true,"showImageEffects":true,"showParticleSystems":true,"showVisualEffectGraphs":true,"m_FxEnabled":true},"in2DMode":false,"pivot":{"x":-0.2013094425201416,"y":1.3554189205169678,"z":6.127475261688232},"rotation":{"x":0.2625884711742401,"y":-0.027504408732056619,"z":0.007479512598365545,"w":0.9645102620124817},"size":9.28577709197998,"orthographic":false}