{"cameraMode":{"drawMode":0,"name":"Shaded","section":"Shading Mode"},"sceneLighting":false,"audioPlay":false,"sceneViewState":{"m_AlwaysRefresh":false,"showFog":true,"showSkybox":false,"showFlares":true,"showImageEffects":true,"showParticleSystems":true,"showVisualEffectGraphs":true,"m_FxEnabled":true},"in2DMode":false,"pivot":{"x":-0.8977131843566895,"y":4.153310775756836,"z":-7.724302291870117},"rotation":{"x":-0.0005842395476065576,"y":0.9986980557441711,"z":-0.049785591661930087,"w":-0.011684387922286988},"size":9.081014633178711,"orthographic":false}