{"cameraMode":{"drawMode":0,"name":"Shaded","section":"Shading Mode"},"sceneLighting":false,"audioPlay":false,"sceneViewState":{"m_AlwaysRefresh":false,"showFog":true,"showSkybox":false,"showFlares":true,"showImageEffects":true,"showParticleSystems":true,"showVisualEffectGraphs":true,"m_FxEnabled":true},"in2DMode":false,"pivot":{"x":-1.7936935424804688,"y":-0.19705963134765626,"z":-0.4648246765136719},"rotation":{"x":0.2581830620765686,"y":-0.47310134768486025,"z":0.1473025679588318,"w":0.8293488621711731},"size":11.369802474975586,"orthographic":false}