{"cameraMode":{"drawMode":0,"name":"Shaded","section":"Shading Mode"},"sceneLighting":false,"audioPlay":false,"sceneViewState":{"m_AlwaysRefresh":false,"showFog":true,"showSkybox":false,"showFlares":true,"showImageEffects":true,"showParticleSystems":true,"showVisualEffectGraphs":true,"m_FxEnabled":true},"in2DMode":false,"pivot":{"x":-1.03317129611969,"y":0.3940393924713135,"z":11.118782043457032},"rotation":{"x":0.28021034598350527,"y":-0.13195502758026124,"z":0.038909077644348147,"w":0.9500541090965271},"size":6.604920864105225,"orthographic":false}