{"cameraMode":{"drawMode":0,"name":"Shaded","section":"Shading Mode"},"sceneLighting":false,"audioPlay":false,"sceneViewState":{"m_AlwaysRefresh":false,"showFog":true,"showSkybox":false,"showFlares":true,"showImageEffects":true,"showParticleSystems":true,"showVisualEffectGraphs":true,"m_FxEnabled":true},"in2DMode":false,"pivot":{"x":32.262420654296878,"y":-154.24876403808595,"z":187.14254760742188},"rotation":{"x":-0.2686155438423157,"y":-0.09459824115037918,"z":0.026517972350120546,"w":-0.9582331776618958},"size":232.03749084472657,"orthographic":false}